{
  "ABIRoot": {
    "kind": "Root",
    "name": "TopLevel",
    "printedName": "TopLevel",
    "children": [
      {
        "kind": "Import",
        "name": "SwiftUI",
        "printedName": "SwiftUI",
        "declKind": "Import",
        "moduleName": "ZToast",
        "declAttributes": [
          "RawDocComment"
        ]
      },
      {
        "kind": "TypeDecl",
        "name": "SnackBarToastStyle",
        "printedName": "SnackBarToastStyle",
        "children": [
          {
            "kind": "Function",
            "name": "makeBody",
            "printedName": "makeBody(message:)",
            "children": [
              {
                "kind": "TypeNominal",
                "name": "OpaqueTypeArchetype",
                "printedName": "some SwiftUI.View",
                "children": [
                  {
                    "kind": "TypeNominal",
                    "name": "View",
                    "printedName": "SwiftUI.View",
                    "usr": "s:7SwiftUI4ViewP"
                  }
                ]
              },
              {
                "kind": "TypeNominal",
                "name": "Optional",
                "printedName": "Swift.String?",
                "children": [
                  {
                    "kind": "TypeNominal",
                    "name": "String",
                    "printedName": "Swift.String",
                    "usr": "s:SS"
                  }
                ],
                "usr": "s:Sq"
              }
            ],
            "declKind": "Func",
            "usr": "s:6ZToast18SnackBarToastStyleV8makeBody7messageQrSSSg_tF",
            "mangledName": "$s6ZToast18SnackBarToastStyleV8makeBody7messageQrSSSg_tF",
            "moduleName": "ZToast",
            "declAttributes": [
              "AccessControl"
            ],
            "funcSelfKind": "NonMutating"
          }
        ],
        "declKind": "Struct",
        "usr": "s:6ZToast18SnackBarToastStyleV",
        "mangledName": "$s6ZToast18SnackBarToastStyleV",
        "moduleName": "ZToast",
        "intro_iOS": "16.0",
        "declAttributes": [
          "AccessControl",
          "Available"
        ],
        "conformances": [
          {
            "kind": "Conformance",
            "name": "ToastViewStyle",
            "printedName": "ToastViewStyle",
            "children": [
              {
                "kind": "TypeWitness",
                "name": "Body",
                "printedName": "Body",
                "children": [
                  {
                    "kind": "TypeNominal",
                    "name": "OpaqueTypeArchetype",
                    "printedName": "some SwiftUI.View",
                    "children": [
                      {
                        "kind": "TypeNominal",
                        "name": "View",
                        "printedName": "SwiftUI.View",
                        "usr": "s:7SwiftUI4ViewP"
                      }
                    ]
                  }
                ]
              }
            ],
            "usr": "s:6ZToast14ToastViewStyleP",
            "mangledName": "$s6ZToast14ToastViewStyleP"
          }
        ]
      },
      {
        "kind": "Import",
        "name": "SwiftUI",
        "printedName": "SwiftUI",
        "declKind": "Import",
        "moduleName": "ZToast",
        "declAttributes": [
          "RawDocComment"
        ]
      },
      {
        "kind": "Import",
        "name": "SwiftUI",
        "printedName": "SwiftUI",
        "declKind": "Import",
        "moduleName": "ZToast",
        "declAttributes": [
          "RawDocComment"
        ]
      },
      {
        "kind": "Import",
        "name": "SwiftUI",
        "printedName": "SwiftUI",
        "declKind": "Import",
        "moduleName": "ZToast",
        "declAttributes": [
          "RawDocComment"
        ]
      },
      {
        "kind": "Import",
        "name": "SwiftUI",
        "printedName": "SwiftUI",
        "declKind": "Import",
        "moduleName": "ZToast",
        "declAttributes": [
          "RawDocComment"
        ]
      },
      {
        "kind": "Import",
        "name": "SwiftUI",
        "printedName": "SwiftUI",
        "declKind": "Import",
        "moduleName": "ZToast",
        "declAttributes": [
          "RawDocComment"
        ]
      },
      {
        "kind": "TypeDecl",
        "name": "ToastViewStyle",
        "printedName": "ToastViewStyle",
        "children": [
          {
            "kind": "AssociatedType",
            "name": "Body",
            "printedName": "Body",
            "declKind": "AssociatedType",
            "usr": "s:6ZToast14ToastViewStyleP4BodyQa",
            "mangledName": "$s6ZToast14ToastViewStyleP4BodyQa",
            "moduleName": "ZToast",
            "protocolReq": true,
            "declAttributes": [
              "RawDocComment"
            ]
          },
          {
            "kind": "Function",
            "name": "makeBody",
            "printedName": "makeBody(message:)",
            "children": [
              {
                "kind": "TypeNominal",
                "name": "DependentMember",
                "printedName": "τ_0_0.Body"
              },
              {
                "kind": "TypeNominal",
                "name": "Optional",
                "printedName": "Swift.String?",
                "children": [
                  {
                    "kind": "TypeNominal",
                    "name": "String",
                    "printedName": "Swift.String",
                    "usr": "s:SS"
                  }
                ],
                "usr": "s:Sq"
              }
            ],
            "declKind": "Func",
            "usr": "s:6ZToast14ToastViewStyleP8makeBody7message0F0QzSSSg_tF",
            "mangledName": "$s6ZToast14ToastViewStyleP8makeBody7message0F0QzSSSg_tF",
            "moduleName": "ZToast",
            "genericSig": "<τ_0_0 where τ_0_0 : ZToast.ToastViewStyle>",
            "sugared_genericSig": "<Self where Self : ZToast.ToastViewStyle>",
            "protocolReq": true,
            "declAttributes": [
              "RawDocComment"
            ],
            "reqNewWitnessTableEntry": true,
            "funcSelfKind": "NonMutating"
          },
          {
            "kind": "Var",
            "name": "defaultToastStyle",
            "printedName": "defaultToastStyle",
            "children": [
              {
                "kind": "TypeNominal",
                "name": "DefaultToastStyle",
                "printedName": "ZToast.DefaultToastStyle",
                "usr": "s:6ZToast17DefaultToastStyleV"
              }
            ],
            "declKind": "Var",
            "usr": "s:6ZToast14ToastViewStylePA2A07DefaultbD0VRszrlE07defaultbD0AEvpZ",
            "mangledName": "$s6ZToast14ToastViewStylePA2A07DefaultbD0VRszrlE07defaultbD0AEvpZ",
            "moduleName": "ZToast",
            "static": true,
            "declAttributes": [
              "AccessControl",
              "RawDocComment"
            ],
            "isFromExtension": true,
            "accessors": [
              {
                "kind": "Accessor",
                "name": "Get",
                "printedName": "Get()",
                "children": [
                  {
                    "kind": "TypeNominal",
                    "name": "DefaultToastStyle",
                    "printedName": "ZToast.DefaultToastStyle",
                    "usr": "s:6ZToast17DefaultToastStyleV"
                  }
                ],
                "declKind": "Accessor",
                "usr": "s:6ZToast14ToastViewStylePA2A07DefaultbD0VRszrlE07defaultbD0AEvgZ",
                "mangledName": "$s6ZToast14ToastViewStylePA2A07DefaultbD0VRszrlE07defaultbD0AEvgZ",
                "moduleName": "ZToast",
                "genericSig": "<τ_0_0 where τ_0_0 == ZToast.DefaultToastStyle>",
                "sugared_genericSig": "<Self where Self == ZToast.DefaultToastStyle>",
                "static": true,
                "isFromExtension": true,
                "accessorKind": "get"
              }
            ]
          },
          {
            "kind": "Var",
            "name": "snackBarToastStyle",
            "printedName": "snackBarToastStyle",
            "children": [
              {
                "kind": "TypeNominal",
                "name": "SnackBarToastStyle",
                "printedName": "ZToast.SnackBarToastStyle",
                "usr": "s:6ZToast18SnackBarToastStyleV"
              }
            ],
            "declKind": "Var",
            "usr": "s:6ZToast14ToastViewStylePA2A07DefaultbD0VRszrlE08snackBarbD0AA05SnackgbD0VvpZ",
            "mangledName": "$s6ZToast14ToastViewStylePA2A07DefaultbD0VRszrlE08snackBarbD0AA05SnackgbD0VvpZ",
            "moduleName": "ZToast",
            "static": true,
            "declAttributes": [
              "AccessControl",
              "RawDocComment"
            ],
            "isFromExtension": true,
            "accessors": [
              {
                "kind": "Accessor",
                "name": "Get",
                "printedName": "Get()",
                "children": [
                  {
                    "kind": "TypeNominal",
                    "name": "SnackBarToastStyle",
                    "printedName": "ZToast.SnackBarToastStyle",
                    "usr": "s:6ZToast18SnackBarToastStyleV"
                  }
                ],
                "declKind": "Accessor",
                "usr": "s:6ZToast14ToastViewStylePA2A07DefaultbD0VRszrlE08snackBarbD0AA05SnackgbD0VvgZ",
                "mangledName": "$s6ZToast14ToastViewStylePA2A07DefaultbD0VRszrlE08snackBarbD0AA05SnackgbD0VvgZ",
                "moduleName": "ZToast",
                "genericSig": "<τ_0_0 where τ_0_0 == ZToast.DefaultToastStyle>",
                "sugared_genericSig": "<Self where Self == ZToast.DefaultToastStyle>",
                "static": true,
                "isFromExtension": true,
                "accessorKind": "get"
              }
            ]
          }
        ],
        "declKind": "Protocol",
        "usr": "s:6ZToast14ToastViewStyleP",
        "mangledName": "$s6ZToast14ToastViewStyleP",
        "moduleName": "ZToast",
        "genericSig": "<τ_0_0.Body : SwiftUI.View>",
        "sugared_genericSig": "<Self.Body : SwiftUI.View>",
        "declAttributes": [
          "AccessControl"
        ]
      },
      {
        "kind": "Import",
        "name": "SwiftUI",
        "printedName": "SwiftUI",
        "declKind": "Import",
        "moduleName": "ZToast",
        "declAttributes": [
          "RawDocComment"
        ]
      },
      {
        "kind": "TypeDecl",
        "name": "DefaultToastStyle",
        "printedName": "DefaultToastStyle",
        "children": [
          {
            "kind": "Function",
            "name": "makeBody",
            "printedName": "makeBody(message:)",
            "children": [
              {
                "kind": "TypeNominal",
                "name": "OpaqueTypeArchetype",
                "printedName": "some SwiftUI.View",
                "children": [
                  {
                    "kind": "TypeNominal",
                    "name": "View",
                    "printedName": "SwiftUI.View",
                    "usr": "s:7SwiftUI4ViewP"
                  }
                ]
              },
              {
                "kind": "TypeNominal",
                "name": "Optional",
                "printedName": "Swift.String?",
                "children": [
                  {
                    "kind": "TypeNominal",
                    "name": "String",
                    "printedName": "Swift.String",
                    "usr": "s:SS"
                  }
                ],
                "usr": "s:Sq"
              }
            ],
            "declKind": "Func",
            "usr": "s:6ZToast17DefaultToastStyleV8makeBody7messageQrSSSg_tF",
            "mangledName": "$s6ZToast17DefaultToastStyleV8makeBody7messageQrSSSg_tF",
            "moduleName": "ZToast",
            "declAttributes": [
              "AccessControl"
            ],
            "funcSelfKind": "NonMutating"
          }
        ],
        "declKind": "Struct",
        "usr": "s:6ZToast17DefaultToastStyleV",
        "mangledName": "$s6ZToast17DefaultToastStyleV",
        "moduleName": "ZToast",
        "intro_iOS": "16.0",
        "declAttributes": [
          "AccessControl",
          "Available"
        ],
        "conformances": [
          {
            "kind": "Conformance",
            "name": "ToastViewStyle",
            "printedName": "ToastViewStyle",
            "children": [
              {
                "kind": "TypeWitness",
                "name": "Body",
                "printedName": "Body",
                "children": [
                  {
                    "kind": "TypeNominal",
                    "name": "OpaqueTypeArchetype",
                    "printedName": "some SwiftUI.View",
                    "children": [
                      {
                        "kind": "TypeNominal",
                        "name": "View",
                        "printedName": "SwiftUI.View",
                        "usr": "s:7SwiftUI4ViewP"
                      }
                    ]
                  }
                ]
              }
            ],
            "usr": "s:6ZToast14ToastViewStyleP",
            "mangledName": "$s6ZToast14ToastViewStyleP"
          }
        ]
      },
      {
        "kind": "TypeDecl",
        "name": "View",
        "printedName": "View",
        "children": [
          {
            "kind": "Function",
            "name": "showToast",
            "printedName": "showToast(message:isShowing:)",
            "children": [
              {
                "kind": "TypeNominal",
                "name": "OpaqueTypeArchetype",
                "printedName": "some SwiftUI.View",
                "children": [
                  {
                    "kind": "TypeNominal",
                    "name": "View",
                    "printedName": "SwiftUI.View",
                    "usr": "s:7SwiftUI4ViewP"
                  }
                ]
              },
              {
                "kind": "TypeNominal",
                "name": "Optional",
                "printedName": "Swift.String?",
                "children": [
                  {
                    "kind": "TypeNominal",
                    "name": "String",
                    "printedName": "Swift.String",
                    "usr": "s:SS"
                  }
                ],
                "usr": "s:Sq"
              },
              {
                "kind": "TypeNominal",
                "name": "Binding",
                "printedName": "SwiftUI.Binding<Swift.Bool>",
                "children": [
                  {
                    "kind": "TypeNominal",
                    "name": "Bool",
                    "printedName": "Swift.Bool",
                    "usr": "s:Sb"
                  }
                ],
                "usr": "s:7SwiftUI7BindingV"
              }
            ],
            "declKind": "Func",
            "usr": "s:7SwiftUI4ViewP6ZToastE9showToast7message9isShowingQrSSSg_AA7BindingVySbGtF",
            "mangledName": "$s7SwiftUI4ViewP6ZToastE9showToast7message9isShowingQrSSSg_AA7BindingVySbGtF",
            "moduleName": "ZToast",
            "genericSig": "<τ_0_0 where τ_0_0 : SwiftUI.View>",
            "sugared_genericSig": "<Self where Self : SwiftUI.View>",
            "declAttributes": [
              "AccessControl",
              "RawDocComment"
            ],
            "isFromExtension": true,
            "funcSelfKind": "NonMutating"
          },
          {
            "kind": "Function",
            "name": "toastViewStyle",
            "printedName": "toastViewStyle(_:)",
            "children": [
              {
                "kind": "TypeNominal",
                "name": "OpaqueTypeArchetype",
                "printedName": "some SwiftUI.View",
                "children": [
                  {
                    "kind": "TypeNominal",
                    "name": "View",
                    "printedName": "SwiftUI.View",
                    "usr": "s:7SwiftUI4ViewP"
                  }
                ]
              },
              {
                "kind": "TypeNominal",
                "name": "GenericTypeParam",
                "printedName": "τ_1_0"
              }
            ],
            "declKind": "Func",
            "usr": "s:7SwiftUI4ViewP6ZToastE05toastC5StyleyQrqd__AD05ToastcF0Rd__lF",
            "mangledName": "$s7SwiftUI4ViewP6ZToastE05toastC5StyleyQrqd__AD05ToastcF0Rd__lF",
            "moduleName": "ZToast",
            "genericSig": "<τ_0_0, τ_1_0 where τ_0_0 : SwiftUI.View, τ_1_0 : ZToast.ToastViewStyle>",
            "sugared_genericSig": "<Self, S where Self : SwiftUI.View, S : ZToast.ToastViewStyle>",
            "declAttributes": [
              "AccessControl",
              "RawDocComment"
            ],
            "isFromExtension": true,
            "funcSelfKind": "NonMutating"
          }
        ],
        "declKind": "Protocol",
        "usr": "s:7SwiftUI4ViewP",
        "mangledName": "$s7SwiftUI4ViewP",
        "moduleName": "SwiftUI",
        "genericSig": "<τ_0_0.Body : SwiftUI.View>",
        "sugared_genericSig": "<Self.Body : SwiftUI.View>",
        "intro_Macosx": "10.15",
        "intro_iOS": "13.0",
        "intro_tvOS": "13.0",
        "intro_watchOS": "6.0",
        "declAttributes": [
          "TypeEraser",
          "Available",
          "Available",
          "Available",
          "Available"
        ],
        "isExternal": true
      }
    ],
    "json_format_version": 8
  },
  "ConstValues": [
    {
      "filePath": "\/Users\/hari-19343\/Desktop\/ZToast\/ZToast\/Toast.swift",
      "kind": "BooleanLiteral",
      "offset": 238,
      "length": 5,
      "value": "false"
    }
  ]
}