{
  "ABIRoot": {
    "kind": "Root",
    "name": "TopLevel",
    "printedName": "TopLevel",
    "children": [
      {
        "kind": "Import",
        "name": "SwiftUI",
        "printedName": "SwiftUI",
        "declKind": "Import",
        "moduleName": "ZToast",
        "declAttributes": [
          "RawDocComment"
        ]
      },
      {
        "kind": "Import",
        "name": "SwiftUI",
        "printedName": "SwiftUI",
        "declKind": "Import",
        "moduleName": "ZToast",
        "declAttributes": [
          "RawDocComment"
        ]
      },
      {
        "kind": "TypeDecl",
        "name": "ToastAxis",
        "printedName": "ToastAxis",
        "children": [
          {
            "kind": "Var",
            "name": "top",
            "printedName": "top",
            "children": [
              {
                "kind": "TypeFunc",
                "name": "Function",
                "printedName": "(ZToast.ToastAxis.Type) -> ZToast.ToastAxis",
                "children": [
                  {
                    "kind": "TypeNominal",
                    "name": "ToastAxis",
                    "printedName": "ZToast.ToastAxis",
                    "usr": "s:6ZToast9ToastAxisO"
                  },
                  {
                    "kind": "TypeNominal",
                    "name": "Metatype",
                    "printedName": "ZToast.ToastAxis.Type",
                    "children": [
                      {
                        "kind": "TypeNominal",
                        "name": "ToastAxis",
                        "printedName": "ZToast.ToastAxis",
                        "usr": "s:6ZToast9ToastAxisO"
                      }
                    ]
                  }
                ]
              }
            ],
            "declKind": "EnumElement",
            "usr": "s:6ZToast9ToastAxisO3topyA2CmF",
            "mangledName": "$s6ZToast9ToastAxisO3topyA2CmF",
            "moduleName": "ZToast"
          },
          {
            "kind": "Var",
            "name": "bottom",
            "printedName": "bottom",
            "children": [
              {
                "kind": "TypeFunc",
                "name": "Function",
                "printedName": "(ZToast.ToastAxis.Type) -> ZToast.ToastAxis",
                "children": [
                  {
                    "kind": "TypeNominal",
                    "name": "ToastAxis",
                    "printedName": "ZToast.ToastAxis",
                    "usr": "s:6ZToast9ToastAxisO"
                  },
                  {
                    "kind": "TypeNominal",
                    "name": "Metatype",
                    "printedName": "ZToast.ToastAxis.Type",
                    "children": [
                      {
                        "kind": "TypeNominal",
                        "name": "ToastAxis",
                        "printedName": "ZToast.ToastAxis",
                        "usr": "s:6ZToast9ToastAxisO"
                      }
                    ]
                  }
                ]
              }
            ],
            "declKind": "EnumElement",
            "usr": "s:6ZToast9ToastAxisO6bottomyA2CmF",
            "mangledName": "$s6ZToast9ToastAxisO6bottomyA2CmF",
            "moduleName": "ZToast"
          },
          {
            "kind": "Function",
            "name": "==",
            "printedName": "==(_:_:)",
            "children": [
              {
                "kind": "TypeNominal",
                "name": "Bool",
                "printedName": "Swift.Bool",
                "usr": "s:Sb"
              },
              {
                "kind": "TypeNominal",
                "name": "ToastAxis",
                "printedName": "ZToast.ToastAxis",
                "usr": "s:6ZToast9ToastAxisO"
              },
              {
                "kind": "TypeNominal",
                "name": "ToastAxis",
                "printedName": "ZToast.ToastAxis",
                "usr": "s:6ZToast9ToastAxisO"
              }
            ],
            "declKind": "Func",
            "usr": "s:6ZToast9ToastAxisO2eeoiySbAC_ACtFZ",
            "mangledName": "$s6ZToast9ToastAxisO2eeoiySbAC_ACtFZ",
            "moduleName": "ZToast",
            "static": true,
            "implicit": true,
            "funcSelfKind": "NonMutating"
          },
          {
            "kind": "Var",
            "name": "hashValue",
            "printedName": "hashValue",
            "children": [
              {
                "kind": "TypeNominal",
                "name": "Int",
                "printedName": "Swift.Int",
                "usr": "s:Si"
              }
            ],
            "declKind": "Var",
            "usr": "s:6ZToast9ToastAxisO9hashValueSivp",
            "mangledName": "$s6ZToast9ToastAxisO9hashValueSivp",
            "moduleName": "ZToast",
            "implicit": true,
            "accessors": [
              {
                "kind": "Accessor",
                "name": "Get",
                "printedName": "Get()",
                "children": [
                  {
                    "kind": "TypeNominal",
                    "name": "Int",
                    "printedName": "Swift.Int",
                    "usr": "s:Si"
                  }
                ],
                "declKind": "Accessor",
                "usr": "s:6ZToast9ToastAxisO9hashValueSivg",
                "mangledName": "$s6ZToast9ToastAxisO9hashValueSivg",
                "moduleName": "ZToast",
                "implicit": true,
                "accessorKind": "get"
              }
            ]
          },
          {
            "kind": "Function",
            "name": "hash",
            "printedName": "hash(into:)",
            "children": [
              {
                "kind": "TypeNominal",
                "name": "Void",
                "printedName": "()"
              },
              {
                "kind": "TypeNominal",
                "name": "Hasher",
                "printedName": "Swift.Hasher",
                "paramValueOwnership": "InOut",
                "usr": "s:s6HasherV"
              }
            ],
            "declKind": "Func",
            "usr": "s:6ZToast9ToastAxisO4hash4intoys6HasherVz_tF",
            "mangledName": "$s6ZToast9ToastAxisO4hash4intoys6HasherVz_tF",
            "moduleName": "ZToast",
            "implicit": true,
            "funcSelfKind": "NonMutating"
          }
        ],
        "declKind": "Enum",
        "usr": "s:6ZToast9ToastAxisO",
        "mangledName": "$s6ZToast9ToastAxisO",
        "moduleName": "ZToast",
        "declAttributes": [
          "AccessControl"
        ],
        "conformances": [
          {
            "kind": "Conformance",
            "name": "Equatable",
            "printedName": "Equatable",
            "usr": "s:SQ",
            "mangledName": "$sSQ"
          },
          {
            "kind": "Conformance",
            "name": "Hashable",
            "printedName": "Hashable",
            "usr": "s:SH",
            "mangledName": "$sSH"
          }
        ]
      },
      {
        "kind": "TypeDecl",
        "name": "ToastModifier",
        "printedName": "ToastModifier",
        "children": [
          {
            "kind": "Function",
            "name": "body",
            "printedName": "body(content:)",
            "children": [
              {
                "kind": "TypeNominal",
                "name": "OpaqueTypeArchetype",
                "printedName": "some SwiftUI.View",
                "children": [
                  {
                    "kind": "TypeNominal",
                    "name": "View",
                    "printedName": "SwiftUI.View",
                    "usr": "s:7SwiftUI4ViewP"
                  }
                ]
              },
              {
                "kind": "TypeNominal",
                "name": "_ViewModifier_Content",
                "printedName": "SwiftUI._ViewModifier_Content<ZToast.ToastModifier>",
                "children": [
                  {
                    "kind": "TypeNominal",
                    "name": "ToastModifier",
                    "printedName": "ZToast.ToastModifier",
                    "usr": "s:6ZToast13ToastModifierV"
                  }
                ],
                "usr": "s:7SwiftUI21_ViewModifier_ContentV"
              }
            ],
            "declKind": "Func",
            "usr": "s:6ZToast13ToastModifierV4body7contentQr7SwiftUI05_ViewC8_ContentVyACG_tF",
            "mangledName": "$s6ZToast13ToastModifierV4body7contentQr7SwiftUI05_ViewC8_ContentVyACG_tF",
            "moduleName": "ZToast",
            "declAttributes": [
              "Custom",
              "AccessControl"
            ],
            "funcSelfKind": "NonMutating"
          },
          {
            "kind": "Function",
            "name": "dismissToast",
            "printedName": "dismissToast()",
            "children": [
              {
                "kind": "TypeNominal",
                "name": "Void",
                "printedName": "()"
              }
            ],
            "declKind": "Func",
            "usr": "s:6ZToast13ToastModifierV07dismissB0yyF",
            "mangledName": "$s6ZToast13ToastModifierV07dismissB0yyF",
            "moduleName": "ZToast",
            "declAttributes": [
              "AccessControl"
            ],
            "funcSelfKind": "NonMutating"
          }
        ],
        "declKind": "Struct",
        "usr": "s:6ZToast13ToastModifierV",
        "mangledName": "$s6ZToast13ToastModifierV",
        "moduleName": "ZToast",
        "declAttributes": [
          "AccessControl"
        ],
        "conformances": [
          {
            "kind": "Conformance",
            "name": "ViewModifier",
            "printedName": "ViewModifier",
            "children": [
              {
                "kind": "TypeWitness",
                "name": "Body",
                "printedName": "Body",
                "children": [
                  {
                    "kind": "TypeNominal",
                    "name": "OpaqueTypeArchetype",
                    "printedName": "some SwiftUI.View",
                    "children": [
                      {
                        "kind": "TypeNominal",
                        "name": "View",
                        "printedName": "SwiftUI.View",
                        "usr": "s:7SwiftUI4ViewP"
                      }
                    ]
                  }
                ]
              }
            ],
            "usr": "s:7SwiftUI12ViewModifierP",
            "mangledName": "$s7SwiftUI12ViewModifierP"
          }
        ]
      },
      {
        "kind": "TypeDecl",
        "name": "View",
        "printedName": "View",
        "children": [
          {
            "kind": "Function",
            "name": "showToast",
            "printedName": "showToast(message:isShowing:axis:)",
            "children": [
              {
                "kind": "TypeNominal",
                "name": "OpaqueTypeArchetype",
                "printedName": "some SwiftUI.View",
                "children": [
                  {
                    "kind": "TypeNominal",
                    "name": "View",
                    "printedName": "SwiftUI.View",
                    "usr": "s:7SwiftUI4ViewP"
                  }
                ]
              },
              {
                "kind": "TypeNominal",
                "name": "Binding",
                "printedName": "SwiftUI.Binding<Swift.String>",
                "children": [
                  {
                    "kind": "TypeNominal",
                    "name": "String",
                    "printedName": "Swift.String",
                    "usr": "s:SS"
                  }
                ],
                "usr": "s:7SwiftUI7BindingV"
              },
              {
                "kind": "TypeNominal",
                "name": "Binding",
                "printedName": "SwiftUI.Binding<Swift.Bool>",
                "children": [
                  {
                    "kind": "TypeNominal",
                    "name": "Bool",
                    "printedName": "Swift.Bool",
                    "usr": "s:Sb"
                  }
                ],
                "usr": "s:7SwiftUI7BindingV"
              },
              {
                "kind": "TypeNominal",
                "name": "ToastAxis",
                "printedName": "ZToast.ToastAxis",
                "hasDefaultArg": true,
                "usr": "s:6ZToast9ToastAxisO"
              }
            ],
            "declKind": "Func",
            "usr": "s:7SwiftUI4ViewP6ZToastE9showToast7message9isShowing4axisQrAA7BindingVySSG_AJySbGAD0F4AxisOtF",
            "mangledName": "$s7SwiftUI4ViewP6ZToastE9showToast7message9isShowing4axisQrAA7BindingVySSG_AJySbGAD0F4AxisOtF",
            "moduleName": "ZToast",
            "genericSig": "<τ_0_0 where τ_0_0 : SwiftUI.View>",
            "sugared_genericSig": "<Self where Self : SwiftUI.View>",
            "declAttributes": [
              "AccessControl"
            ],
            "isFromExtension": true,
            "funcSelfKind": "NonMutating"
          }
        ],
        "declKind": "Protocol",
        "usr": "s:7SwiftUI4ViewP",
        "mangledName": "$s7SwiftUI4ViewP",
        "moduleName": "SwiftUI",
        "genericSig": "<τ_0_0.Body : SwiftUI.View>",
        "sugared_genericSig": "<Self.Body : SwiftUI.View>",
        "intro_Macosx": "10.15",
        "intro_iOS": "13.0",
        "intro_tvOS": "13.0",
        "intro_watchOS": "6.0",
        "declAttributes": [
          "TypeEraser",
          "Available",
          "Available",
          "Available",
          "Available"
        ],
        "isExternal": true
      }
    ],
    "json_format_version": 8
  },
  "ConstValues": [
    {
      "filePath": "\/Users\/hari-19343\/Desktop\/ZToast\/ZToast\/Toast.swift",
      "kind": "BooleanLiteral",
      "offset": 261,
      "length": 5,
      "value": "false"
    }
  ]
}